<?xml version="1.0" encoding="UTF-8"?><TaskList Version="2.0"><Task ConnectorKind="local" RepositoryUrl="local" TaskId="1" Handle="local-1" Label="New Task" Priority="P3" Kind="bugzilla" Notes="" Estimated="0" EndDate="" CreationDate="2018-04-02 17:26:27.253 +0200" ModificationDate="" DueDate="" Owner="local" Active="false" ScheduledStartDate="2018-04-02 00:00:00.0 +0200" ScheduledEndDate="2018-04-08 23:59:59.999 +0200" Reminded="false" MarkReadPending="true" NotifiedIncoming="true" offlineSyncState="OUTGOING_NEW"><Attribute Key="outgoingNewRepositoryUrl">https://bugs.eclipse.org/bugs</Attribute><Attribute Key="outgoingNewConnectorKind">bugzilla</Attribute><Attribute Key="org.eclipse.mylyn.tasks.ui.new.unsaved.task">true</Attribute></Task><TaskCategory Handle="Uncategorized" Name="Uncategorized"/></TaskList>